year,country,uis_afr_ntp_3_pu_t
2008,dji,13.186810000000001
2010,tcd,12.6749
2011,cpv,7.18002
2011,dji,23.19475
2011,gha,0.43308
2012,gha,0.43204
2013,com,2.5396799999999997
2013,ner,6.33075
