year,country,lo_egra_ncwpm_arb_3grd
2012,jor,7.0070482892712
2013,egy,5.9416532814948795
2014,jor,12.06
