year,country,uis_afr_cs_sg_1_g7_pu
2010,moz,51.79443
2010,nam,30.4294
2010,uga,34.59316
2011,swz,33.00544
2011,uga,32.097809999999996
2012,bwa,26.055310000000002
2012,moz,48.91225
2012,nam,28.010559999999998
2013,tza,55.05992
