year,country,lo_pasec_fre_p05
2006,gab,27.272727966308498
2007,bfa,12.121212005615199
2007,sen,12.121212005615199
2009,bdi,15.151515007019
2009,civ,9.09090900421142
2009,cog,9.09090900421142
2009,com,0.0
2010,tcd,9.09090900421142
2010,tgo,9.09090900421142
2010,zar,9.09090900421142
