year,country,hh_mics_pcr_q2
2005,alb,97.09784285823619
2005,blr,93.91910365210859
2005,bdi,34.3703956990763
2005,geo,102.485015809826
2005,kaz,91.42011330945499
2005,kgz,91.51914049049549
2005,mkd,90.78866733522341
2005,mng,110.715078058036
2005,mne,82.4510681706544
2005,srb,87.65226745220508
2005,som,3.0918602263270096
2005,tjk,102.947938043552
2005,tha,99.25481824019329
2005,ukr,93.86863405127909
2006,bgd,81.3066771576437
2006,blz,100.48145262623899
2006,cmr,83.5816464919575
2006,civ,58.0866999333102
2006,gmb,55.69382297431189
2006,gha,89.85656410326179
2006,gnb,26.2303843131984
2006,guy,83.65026447316
2006,mwi,41.518281489243996
2006,syr,95.73901624162941
2006,tgo,52.2543196387529
2006,tto,121.040242218969
2006,vnm,89.59143645778309
2007,mrt,29.095276125707603
2010,btn,90.0263834989594
2010,caf,35.9751789260518
2010,sur,88.5888244527862
2010,swz,96.63925787527391
2010,vnm,111.435295586884
2011,tcd,33.3925609931894
2011,gha,96.30935498946621
2011,mkd,101.85523169650499
2014,bgd,85.51775721331109
2014,xkx,112.023533753965
2014,kgz,112.246829548045
2014,mwi,79.14323565641091
2014,mne,84.819981428464
2014,vnm,108.825398406251
