year,country,lo_egra_orf_eng_3grd
2008,guy,35.2337772092813
2013,phl,67.1003649036333
2014,phl,67.1
