year,country,uis_afr_schbsp_2_pu_wnitoil
2011,eri,1.82482
2011,zar,1.8037599999999998
2012,cmr,5.67742
2012,eri,0.31745999999999996
2012,ner,4.75436
2012,swz,8.235289999999999
2013,bdi,3.57815
2013,com,14.814810000000001
2013,gha,1.24745
2013,tun,10.44084
2014,tgo,2.05479
