year,country,uis_afr_cs_sg_1_g1_pu
2009,mdg,57.441810607910206
2010,bfa,59.377101898193395
2010,bdi,65.1929168701172
2010,tcd,85.0624084472656
2010,gin,42.372001647949205
2010,mdg,62.788021087646506
2010,mli,59.0288505554199
2010,mus,30.773889541626
2010,nam,31.2554397583008
2010,ner,45.9833183288574
2010,rwa,52.8334808349609
2010,sen,45.9013900756836
2010,tgo,56.5418701171875
2010,uga,68.6961669921875
2011,ben,53.383880615234396
2011,bdi,64.9301223754883
2011,cpv,38.394069671630895
2011,tcd,86.28250122070308
2011,gmb,34.089920043945305
2011,gha,36.627498626709
2011,gin,51.3712005615234
2011,mwi,129.598937988281
2011,mli,50.248779296875
2011,mrt,50.268829345703104
2011,mus,30.375600814819304
2011,ner,45.8633918762207
2011,rwa,63.175609588623
2011,stp,35.774650573730504
2011,sen,46.5029792785645
2011,syc,23.637929916381804
2011,swz,33.5128898620605
2011,tgo,56.0737380981445
2011,uga,62.8833084106445
2012,dza,27.967260360717802
2012,bwa,29.470590591430696
2012,bfa,59.2265205383301
2012,bdi,62.99845886230471
2012,cpv,34.620819091796896
2012,caf,95.3458480834961
2012,tcd,79.8122100830078
2012,cod,107.427406311035
2012,civ,52.0396118164063
2012,gin,54.8332405090332
2012,mdg,53.904720306396506
2012,mwi,108.475540161133
2012,mus,29.6284999847412
2012,mar,46.0507011413574
2012,nam,29.2365398406982
2012,ner,44.643150329589794
2012,rwa,50.7243881225586
2012,stp,33.1878814697266
2012,sen,47.459041595459006
2012,syc,21.8965492248535
2012,sdn,44.0238189697266
2012,tgo,68.5109481811523
2013,dza,27.684019088745103
2013,bfa,56.6303291320801
2013,bdi,61.2777900695801
2013,cpv,32.4146308898926
2013,com,45.753810882568395
2013,civ,48.468410491943395
2013,gin,55.3713188171387
2013,mdg,52.5428810119629
2013,mwi,119.471572875977
2013,mrt,48.8447418212891
2013,mus,29.055980682373
2013,mar,49.6610717773438
2013,ner,44.6900291442871
2013,stp,33.1151504516602
2013,tza,82.4863586425781
2013,tgo,55.315059661865206
2013,tun,23.1150207519531
2014,dza,28.6905002593994
2014,bfa,56.93241882324221
2014,bdi,62.9217681884766
2014,cpv,33.0505409240723
2014,civ,48.836578369140604
2014,dji,47.4520492553711
2014,gin,55.6784515380859
2014,mdg,49.2369194030762
2014,mrt,52.887321472168
2014,mus,28.419790267944304
2014,mar,50.763118743896506
2014,ner,45.7827682495117
2014,sen,47.8327713012695
2014,syc,22.793100357055696
2014,tun,22.450220108032198
2015,dji,50.8031883239746
2015,stp,39.0823516845703
