year,country,lo_pasec_fre5_fe
2004,tcd,31.3
2005,ben,30.7
2005,cmr,54.5
2005,mdg,37.7
2006,gab,60.257380000000005
2007,bfa,36.939040000000006
2007,sen,39.44415
2009,bdi,41.38573
2009,civ,38.25295
2009,cog,37.17393
2009,com,33.67938
2010,tcd,37.31013
2010,tgo,31.34008
2010,zar,40.365759999999995
