year,country,uis_afr_trntp_3_pu_m
2007,dji,100.0
2008,dji,100.0
2010,nam,88.23529052734379
2011,cpv,100.0
2011,dji,100.0
2011,sen,48.229339599609396
2012,bwa,100.0
2012,bdi,100.0
2012,eth,100.0
2012,gha,79.6296310424805
2012,mrt,100.0
2012,mar,100.0
2012,nam,90.6976699829102
2013,gin,63.694271087646506
2013,mar,100.0
2013,ner,35.7575798034668
2013,tgo,26.153850555419897
2014,dji,100.0
2014,tgo,50.3370780944824
