year,country,lo_pasec_fre_p10
2006,gab,33.3333320617675
2007,bfa,15.151515007019
2007,sen,18.181818008422802
2009,bdi,21.2121219635009
2009,com,9.09090900421142
2009,cog,12.121212005615199
2009,civ,15.151515007019
2010,tcd,12.121212005615199
2010,cod,15.151515007019
2010,tgo,12.121212005615199
