year,country,lo_egra_read_0_chc_4grd
2010,mwi,73.5553297166733
2011,mwi,54.179487289802395
2012,mwi,50.5301215675181
