year,country,lo_egra_cwpm_eng_3grd
2008,guy,19.1103548474012
2013,phl,51.336825359610394
2014,phl,51.34
