year,country,lo_pasec_mat5_ma
2004,tcd,34.4
2005,ben,33.9
2005,cmr,46.7
2005,mdg,53.4
2006,gab,49.32763
2007,bfa,43.74147
2007,sen,47.40062
2009,bdi,49.56844
2009,com,42.621809999999996
2009,cog,38.92142
2009,civ,30.361420000000003
2010,tcd,37.547990000000006
2010,cod,48.81508
2010,tgo,37.26405
