year,country,lo_egra_init_0_eng_4grd
2008,guy,25.8633074766466
2011,rwa,83.3643701275515
