year,country,uis_afr_tattrr_2_pu_f
2009,dji,18.9189205169678
2011,cpv,4.0789499282836905
2011,mli,10.827630043029801
2012,cpv,7.21393013000488
2012,dji,13.725489616394
