year,country,hh_dhs_tr_12_q5
1999,zwe,47.1206796318211
2000,arm,100.0
2000,col,95.2053176003574
2000,egy,2.8985757024299503
2000,eth,94.4802947592436
2000,hti,38.423369592879794
2000,khm,96.9684035445737
2000,mwi,90.16580003127649
2000,nam,81.07484049783629
2000,rwa,16.9677825504639
2000,uga,29.8504920239865
2001,ben,8.59179747762557
2001,mli,50.073688782201394
2001,nic,98.07480141965479
2001,npl,94.04059079797051
2001,zmb,34.9365244101435
2002,dom,97.5155168343832
2003,bfa,3.2140577316446097
2003,bol,96.1140656741105
2003,egy,1.44509076257815
2003,gha,42.0783244952655
2003,ken,95.3748855871537
2003,mdg,74.566114873336
2003,moz,0.0
2003,nga,42.3897936693161
2003,phl,98.1174027874706
2003,tur,87.129481275175
2004,cmr,53.94878759678701
2004,lso,73.2416974268697
2004,mwi,83.33042414983721
2004,per,2.71838351481619
2004,tza,26.474712791647896
2005,arm,100.0
2005,cog,79.7193222452957
2005,col,65.0050801753687
2005,egy,0.0
2005,eth,69.1241721949443
2005,gin,22.732653879923
2005,guy,7.76040496890064
2005,hti,0.33761291762007
2005,ind,76.3599683575089
2005,khm,6.90277841982125
2005,mda,0.0
2005,rwa,43.3099582601209
2005,sen,48.572573294705705
2005,zwe,82.9965568047078
2006,aze,0.0
2006,ben,2.3956406872672598
2006,mli,83.4977539203778
2006,nam,90.8438181532848
2006,ner,55.6664980518342
2006,npl,97.22290533756978
2006,swz,87.99143252502381
2006,uga,37.827340559927
2007,dom,97.96897893327991
2007,lbr,75.1141683338396
2007,per,4.18609911250162
2007,ukr,0.0
2007,zar,31.417682113239398
2007,zmb,65.9919218341689
2008,alb,0.0
2008,bol,98.6666666666667
2008,egy,3.09597523219814
2008,gha,79.6326391595871
2008,ken,97.0262075127243
2008,mdg,34.6185842246315
2008,nga,44.43731483946299
2008,sle,72.8875283022367
2008,stp,2.04471351783861
2009,guy,38.9096267412884
2009,mdv,0.0
2009,per,98.3864765938068
2010,col,90.70117994162649
2010,mwi,81.4483742191283
2010,per,98.28438218598619
2010,sen,34.8707763464044
2011,per,98.77129725781022
2012,hnd,87.71401089287609
2012,hti,9.9408736816023
2012,ner,32.6222988445062
2012,per,97.2173670909728
2012,sen,12.5461575154238
2013,dom,97.3430721317069
2014,ken,97.77345312346621
