year,country,uis_afr_ntp_2_pu_f
2008,dji,11.8918895721436
2009,dji,19.354839324951197
2011,cpv,9.32835960388184
2011,dji,16.8627490997314
2011,mli,14.8544301986694
2012,cpv,8.01480007171631
2012,dji,10.931170463562
2012,gha,11.0316696166992
2012,ner,11.1386098861694
2013,com,5.952380180358889
2013,mar,4.531010150909419
2013,ner,21.405460357665998
