year,country,lo_egra_cwpm_zero_chc_4grd
2010,mwi,54.6782701929058
2011,mwi,44.7332317486663
2012,mwi,39.0774921516535
