year,country,lo_pasec_fre5_lo
2004,tcd,46.5
2005,ben,45.6
2005,cmr,9.7
2005,mdg,25.4
2006,gab,4.96936
2007,bfa,30.269340000000003
2007,sen,23.39787
2009,bdi,16.540860000000002
2009,civ,32.966190000000005
2009,cog,37.6303
2009,com,40.12766
2010,tcd,36.77214
2010,tgo,41.7305
2010,zar,26.23753
