year,country,uis_afr_gtctr_3_m
2010,ner,23.73684
2010,tcd,3.5546300000000004
2011,tcd,1.09085
2013,ben,15.521770000000002
2014,bdi,20.777639999999998
