year,country,uis_afr_schbsp_2_pu_wnipowat
2010,mwi,5.46512
2011,mdg,1.88053
2011,zar,1.61827
2012,com,3.9215699999999996
2012,eri,0.31847
2012,mrt,6.29371
2012,mwi,4.55607
2012,ner,4.75436
2012,swz,1.56863
2013,bdi,13.27684
2013,com,9.259260000000001
2013,gha,48.77523
2013,mar,1.7133099999999999
2013,mwi,10.70336
2013,tun,10.44084
2013,zar,1.48031
2015,stp,4.7619
