year,country,lo_sacmeq_mat_l1_fe
2000,bwa,3.05374937495831
2000,ken,1.05184638247946
2000,lso,8.10285483450311
2000,mwi,13.6779225337319
2000,mus,2.11640211640212
2000,moz,0.468627465526075
2000,nam,19.8292524483212
2000,syc,2.1636829317458504
2000,zaf,7.56110273368727
2000,swz,0.910452040499298
2000,tza,3.34235836098875
2000,uga,6.7796610169491505
2000,zmb,17.7219682741958
2007,bwa,1.4952100555605399
2007,ken,0.8003928556968941
2007,lso,3.7508940012504604
2007,mwi,8.53176641708532
2007,mus,0.7
2007,moz,5.97731500771366
2007,nam,4.75200676603243
2007,syc,0.552121904770588
2007,zaf,4.60190071756213
2007,swz,0.39598306528459704
2007,tza,0.615395424588775
2007,uga,5.2
2007,zmb,15.9334638152218
2007,zwe,3.566464487068
