year,country,uis_afr_pbr_1_g6_pu_math
2009,civ,1.8486000299453702
2010,ben,0.8930900096893309
2010,bfa,0.601849973201752
2010,cmr,13.4655504226685
2010,caf,6.87471008300781
2010,tcd,3.1642599105835
2010,cod,1.8324400186538703
2010,cog,1.59342002868652
2010,eth,1.4800000190734899
2010,gmb,1.77959001064301
2010,gin,2.27064990997314
2010,mwi,2.67701005935669
2010,mli,0.9907900094985959
2010,mus,1.0
2010,moz,1.4168499708175701
2010,nam,1.10337996482849
2010,ner,1.0924899578094498
2010,sen,1.2057499885559098
2010,tza,4.62672996520996
2010,tgo,1.8839800357818601
2010,uga,2.1334400177002
2011,ben,0.853569984436035
2011,bfa,0.9143099784851071
2011,bdi,4.39750003814697
2011,cpv,1.0
2011,cmr,12.6538696289063
2011,caf,1.25794005393982
2011,tcd,3.63833999633789
2011,gmb,0.9656800031661991
2011,gin,1.87178003787994
2011,lbr,3.51959991455078
2011,mwi,2.64086008071899
2011,mli,1.04519999027252
2011,mus,1.0
2011,moz,1.63850998878479
2011,ner,1.2719000577926598
2011,rwa,1.0643500089645401
2011,stp,1.0
2011,syc,0.879999995231628
2011,ssd,4.591529846191411
2011,swz,1.0
2011,tgo,1.63294005393982
2011,uga,2.3595800399780296
2011,zmb,2.98915004730225
2012,bfa,0.850350022315979
2012,cpv,1.0
2012,cmr,12.7994699478149
2012,caf,1.3600499629974399
2012,tcd,5.08135986328125
2012,cog,2.89640998840332
2012,civ,1.23568999767303
2012,gnq,1.6392999887466397
2012,eth,1.0
2012,gha,2.0685999393463104
2012,gin,2.44881010055542
2012,mwi,5.56226015090942
2012,mli,1.25839996337891
2012,mus,1.0
2012,moz,1.65836000442505
2012,nam,1.2254500389099099
2012,ner,1.52086997032166
2012,rwa,0.995169997215271
2012,stp,1.0
2012,sen,1.04828000068665
2012,sdn,3.0
2012,swz,1.0
2012,tza,4.08318996429443
2012,tgo,2.47315001487732
2012,zmb,3.69848990440369
2013,ben,0.8250200152397159
2013,bfa,1.05036997795105
2013,bdi,0.742030024528503
2013,cpv,1.0
2013,com,4.3678097724914595
2013,cod,2.2791600227356
2013,civ,1.3450000286102302
2013,gha,3.1945600509643595
2013,gin,3.6322600841522203
2013,mwi,1.13844001293182
2013,mrt,1.71382999420166
2013,mus,0.954729974269867
2013,ner,1.82837998867035
2013,stp,1.0
2013,tza,5.02473020553589
2013,tgo,0.8541300296783451
2014,ben,0.649179995059967
2014,bfa,0.9710900187492371
2014,bdi,1.65936005115509
2014,cpv,1.0
2014,civ,1.51240003108978
2014,eth,1.19016003608704
2014,gin,3.54831004142761
2014,mrt,2.02291989326477
2014,mus,0.480870008468628
2014,ner,1.39108002185822
2014,sen,1.2778799533843999
2014,syc,0.5
2014,tgo,1.02568995952606
2015,stp,1.0
