year,country,lo_piaac_num_fe_5
2012,aus,0.7425232865586391
2012,aut,0.0
2012,can,0.578709492238697
2012,cze,0.886182203102553
2012,deu,0.6088584846726021
2012,dnk,0.9446492565615842
2012,esp,0.0
2012,est,0.0
2012,fin,1.3891467498464998
2012,fra,0.0
2012,irl,0.0
2012,ita,0.0
2012,jpn,0.598928080226016
2012,kor,0.0
2012,nld,0.552031963157842
2012,nor,0.772959122837626
2012,pol,0.649314896177069
2012,rus,0.0
2012,svk,0.550824627754807
2012,swe,1.22321816562775
2012,usa,0.0
