year,country,lo_pasec_fre5_hig
2004,tcd,25.4
2005,ben,24.8
2005,cmr,69.4
2005,mdg,35.2
2006,gab,84.04292
2007,bfa,38.20556
2007,sen,45.61562
2009,bdi,53.419990000000006
2009,civ,38.20622
2009,cog,37.38125
2009,com,24.15002
2010,tcd,37.19599
2010,tgo,26.615509999999997
2010,zar,48.01214
