year,country,lo_llece_mat3_3_fe
2006,arg,14.47911
2006,bra,15.055810000000001
2006,chl,18.764570000000003
2006,col,12.77523
2006,cri,21.44115
2006,cub,17.8788
2006,dom,0.72368
2006,ecu,8.06789
2006,gtm,5.13719
2006,mex,21.83521
2006,nic,6.68088
2006,pan,7.35838
2006,per,7.38195
2006,pry,11.65692
2006,slv,8.11727
2006,ury,19.233079999999998
