year,country,lo_piaac_lit_ma_5
2012,aus,1.56848456558149
2012,aut,0.0
2012,can,1.13418774478184
2012,cze,0.0
2012,deu,0.597436385832197
2012,dnk,0.0
2012,esp,0.0
2012,est,0.897007996266933
2012,fin,2.09896648000934
2012,fra,0.0
2012,irl,0.556181650328827
2012,ita,0.0
2012,jpn,1.42657061323838
2012,kor,0.0
2012,nld,1.58564513765251
2012,nor,0.7199978016672209
2012,pol,0.534186687569348
2012,rus,0.0
2012,svk,0.0
2012,swe,1.35132479741532
2012,usa,0.7495414010471719
