year,country,lo_pasec_fre5_hig_ma
2004,tcd,24.5
2005,ben,25.8
2005,cmr,69.8
2005,mdg,32.5
2006,gab,84.9297
2007,bfa,41.410779999999995
2007,sen,49.02769
2009,bdi,54.204240000000006
2009,civ,36.79095
2009,cog,37.315509999999996
2009,com,26.913529999999998
2010,tcd,38.08382
2010,tgo,27.70519
2010,zar,50.517070000000004
