year,country,lo_egra_lstn_0_eng_3grd
2008,guy,20.997443701744498
2013,phl,44.9991873306629
2014,phl,45.0
