year,country,uis_afr_pbr_1_g7_pu_math
2010,moz,1.55897
2010,nam,1.0583200000000001
2010,tza,4.4934400000000005
2010,uga,1.5932600000000001
2011,moz,2.01591
2011,swz,1.0
2011,uga,1.78092
2011,zmb,2.20779
2012,moz,1.8889599999999998
2012,nam,1.1972
2012,swz,1.0
2012,tza,4.27384
2012,zmb,2.71398
2013,tza,4.62467
