year,country,uis_afr_pbr_1_g6_pu_read
2009,civ,1.81452000141144
2010,ben,0.890290021896362
2010,bfa,0.5447700023651121
2010,bdi,3.28201007843018
2010,cmr,12.379529953002901
2010,caf,6.89750003814697
2010,tcd,3.30869007110596
2010,cod,1.8061900138855
2010,cog,2.01864004135132
2010,eth,1.4802999496459999
2010,gmb,1.8083300590515101
2010,gin,2.04299998283386
2010,mli,0.8654000163078309
2010,mus,0.25
2010,moz,1.48354995250702
2010,nam,1.17809998989105
2010,ner,1.01600003242493
2010,sen,1.12174999713898
2010,tza,2.4808199405670197
2010,tgo,1.97769999504089
2010,uga,1.91495001316071
2011,ben,0.9657800197601322
2011,bfa,0.812539994716644
2011,bdi,3.3050301074981703
2011,cpv,1.0
2011,cmr,11.466059684753402
2011,caf,1.26526999473572
2011,tcd,3.87493991851807
2011,gmb,1.0
2011,gin,1.7536300420761102
2011,lbr,3.2425699234008802
2011,mwi,1.4123200178146398
2011,mli,0.8400200009346009
2011,mus,0.25
2011,moz,1.76452004909515
2011,ner,1.21572995185852
2011,rwa,0.765320003032684
2011,stp,1.0
2011,syc,0.29333001375198403
2011,ssd,4.5742697715759295
2011,swz,1.0
2011,tgo,1.5703300237655602
2011,uga,2.1561300754547097
2011,zmb,2.7525000572204603
2012,bfa,0.7670699954032901
2012,cpv,1.0
2012,cmr,11.194000244140598
2012,caf,1.44801998138428
2012,tcd,5.27992010116577
2012,cog,2.4675099849700897
2012,civ,1.2273700237274199
2012,eth,1.0
2012,gha,1.72142994403839
2012,gin,2.30872988700867
2012,mwi,2.8048698902130096
2012,mli,0.937579989433289
2012,mus,0.25
2012,moz,1.78640997409821
2012,nam,0.7086799740791321
2012,ner,1.45156002044678
2012,rwa,0.8041399717330929
2012,stp,1.0
2012,sen,0.9251300096511841
2012,sdn,3.0
2012,swz,1.0
2012,tza,2.19142007827759
2012,tgo,2.12076997756958
2012,zmb,2.29761004447937
2013,ben,0.823859989643097
2013,bfa,1.01394999027252
2013,bdi,0.23233999311924
2013,cpv,1.0
2013,tcd,5.1102800369262695
2013,com,3.2506101131439196
2013,cod,1.7481399774551398
2013,civ,1.3054300546646103
2013,gha,2.81132006645203
2013,gin,3.87441992759705
2013,mwi,0.7693799734115601
2013,mrt,0.8261500000953671
2013,mus,0.25
2013,ner,1.7423399686813401
2013,stp,1.0
2013,tza,2.67121005058289
2013,tgo,1.37059998512268
2014,ben,0.649500012397766
2014,bfa,0.961719989776611
2014,bdi,0.5823400020599371
2014,cpv,1.0
2014,civ,1.52894997596741
2014,eth,1.09977996349335
2014,gin,1.28712999820709
2014,mrt,1.00766003131866
2014,mus,0.0865600034594536
2014,ner,1.64914000034332
2014,sen,1.14007997512817
2014,syc,0.14285999536514302
2014,tgo,1.61772000789642
2015,stp,1.0
