year,country,lo_pasec_fre5
2004,tcd,31.7
2005,ben,31.6
2005,cmr,53.4
2005,mdg,36.9
2006,gab,60.14431
2007,bfa,37.82375
2007,sen,40.66195
2009,bdi,41.71014
2009,com,31.48953
2009,cog,37.157
2009,civ,37.424690000000005
2010,tcd,37.54488
2010,cod,42.45451
2010,tgo,32.26158
