year,country,lo_egra_cwpm_chc_4grd
2010,mwi,11.2724162306456
2011,mwi,13.9955364569466
2012,mwi,16.9243410459212
