year,country,uis_afr_gtctr_2_m
2010,tcd,11.9634199142456
2010,mli,4.41571998596191
2010,ner,7.71084022521973
2010,zmb,11.8482303619385
2011,tcd,4.66450977325439
2011,mli,4.15598011016846
2012,zmb,11.3670902252197
2013,ben,3.1252999305725098
2013,mli,13.2204904556274
2013,mar,2.8458299636840803
2013,ner,4.27491998672485
2014,bdi,7.003009796142581
2014,ner,1.3625500202179
2015,dji,100.0
