year,country,lo_egra_orf_chc_2grd
2010,mwi,0.8323142192820001
2011,mwi,0.379179259341629
2012,mwi,1.2703496067261102
