year,country,lo_egra_read_chc_adv_4grd
2010,mwi,0.17588471427126
2011,mwi,1.971849009507
2012,mwi,6.10527784288906
