year,country,lo_llece_mat3_1_fe
2006,arg,32.816790000000005
2006,bra,36.08161
2006,chl,28.999670000000002
2006,col,39.6247
2006,cri,26.57958
2006,cub,8.93109
2006,dom,55.12135
2006,ecu,44.53269
2006,slv,47.10318
2006,gtm,51.31637
2006,mex,27.86845
2006,nic,50.90605
2006,pan,49.63889
2006,pry,37.87341
2006,per,47.01325
2006,ury,26.078889999999998
