year,country,uis_afr_gtctr_2_f
2010,mli,19.76369
2010,ner,13.152679999999998
2010,tcd,3.7974699999999997
2010,zmb,10.65632
2011,mli,19.73415
2011,tcd,7.11382
2012,zmb,11.22296
2013,ben,4.10855
2013,mli,7.82175
2013,ner,4.33901
2014,bdi,3.0546
