year,country,hh_mics_tr_12
2005,alb,99.2028684069618
2005,kaz,98.84883409260509
2005,mne,100.0
2005,sle,39.4194625501731
2005,tha,99.99204116867479
2005,tjk,88.3764864766792
2006,bih,99.76940233366051
2010,sur,50.4896193456409
2011,bih,99.9122290033519
2011,sle,59.6882281788994
2011,tcd,27.322764049939497
2014,mwi,84.2885741968761
