year,country,uis_afr_gtctr_3_f
2010,tcd,4.11765003204346
2010,ner,23.1270408630371
2011,tcd,0.1754399985075
2013,ben,27.604539871215803
2013,mar,6.002930164337161
2014,bdi,19.567459106445302
2015,dji,78.81944274902341
