year,country,uis_afr_tattrr_2_pu_f
2009,dji,18.91892
2011,cpv,4.07895
2011,mli,10.827630000000001
2012,cpv,7.21393
2012,dji,13.725489999999999
