year,country,lo_llece_sci6_1
2006,arg,37.73151
2006,col,31.676240000000004
2006,cub,8.7847
2006,dom,62.818909999999995
2006,slv,44.73494
2006,pan,44.60492
2006,pry,46.178059999999995
2006,per,46.93319
2006,ury,22.76354
2013,arg,35.59
2013,bra,34.45
2013,chl,21.98
2013,col,26.25
2013,cri,19.71
2013,dom,53.54
2013,ecu,32.61
2013,gtm,39.44
2013,hnd,43.14
2013,mex,25.5
2013,nic,43.52
2013,pan,43.43
2013,pry,47.5
2013,per,33.69
2013,ury,32.44
