year,country,lo_pasec_fre5_hig_fe
2004,tcd,27.1
2005,ben,23.3
2005,cmr,68.8
2005,mdg,37.5
2006,gab,83.20796999999999
2007,bfa,36.12755
2007,sen,41.78889
2009,bdi,52.576640000000005
2009,com,25.56768
2009,cog,37.45108
2009,civ,39.86681
2010,tcd,35.810829999999996
2010,cod,45.001459999999994
2010,tgo,25.19443
