year,country,lo_pasec_mat5_lo
2004,tcd,37.0
2005,ben,39.3
2005,cmr,9.9
2005,mdg,6.4
2006,gab,8.889489999999999
2007,bfa,30.269340000000003
2007,sen,17.29661
2009,bdi,14.70045
2009,civ,44.5256
2009,cog,29.98269
2009,com,34.20678
2010,tcd,34.39196
2010,tgo,29.700909999999997
2010,zar,14.79055
