year,country,uis_afr_pbr_1_g7_pu_read
2010,moz,1.58577001094818
2010,nam,1.01493000984192
2010,tza,2.36346006393433
2010,uga,1.42875003814697
2011,moz,1.93317997455597
2011,swz,1.0
2011,uga,1.59342002868652
2011,zmb,1.9788000583648702
2012,moz,1.9635200500488301
2012,nam,0.627170026302338
2012,swz,1.0
2012,tza,2.25091004371643
2012,zmb,1.57140004634857
2013,tza,2.39184999465942
