year,country,uis_afr_gtctr_3_m
2010,tcd,3.55463004112244
2010,ner,23.736839294433604
2011,tcd,1.0908499956131
2013,ben,15.5217695236206
2013,mar,3.99795007705688
2014,bdi,20.777639389038104
2015,dji,74.40660095214841
