year,country,lo_llece_mat6_1_ma
2006,arg,10.95475
2006,bra,13.43331
2006,chl,10.136619999999999
2006,col,11.04118
2006,cri,3.74669
2006,cub,4.8297099999999995
2006,dom,42.458870000000005
2006,ecu,24.57614
2006,slv,17.665029999999998
2006,gtm,23.02439
2006,mex,8.170010000000001
2006,nic,22.48625
2006,pan,27.07808
2006,pry,22.21221
2006,per,17.64685
2006,ury,4.38131
