year,country,lo_llece_sci6_1_fe
2006,arg,37.935990000000004
2006,col,34.63808
2006,cub,8.2027
2006,dom,63.555440000000004
2006,pan,43.59383
2006,per,49.55641
2006,pry,47.06868
2006,slv,47.53913
2006,ury,21.14506
