year,country,lo_egra_read_eng_adv_3grd
2008,guy,11.463669756765599
2013,phl,17.4180926308902
2014,phl,17.42
