year,country,uis_afr_ntp_2_pu_m
2008,dji,10.338680267334
2009,dji,11.009169578552198
2011,cpv,5.38159990310669
2011,dji,15.609760284423801
2011,mli,20.2568302154541
2012,cpv,4.75285005569458
2012,dji,11.8296499252319
2012,gha,2.96105003356934
2012,ner,11.365830421447802
2013,com,4.71203994750977
2013,mar,3.93090009689331
2013,ner,23.655740737915
