year,country,lo_pasec_mat5_hig_fe
2004,tcd,33.0
2005,ben,25.0
2005,cmr,64.2
2005,mdg,80.2
2006,gab,67.61457
2007,bfa,49.139509999999994
2007,sen,57.93611
2009,bdi,63.7859
2009,com,39.45295
2009,cog,43.73199
2009,civ,23.35024
2010,tcd,37.536840000000005
2010,cod,62.95554
2010,tgo,40.780359999999995
