year,country,lo_piaac_tec_fe_3
2012,aus,5.56738130732427
2012,aut,3.0874000298344795
2012,can,6.476618256840191
2012,cze,5.2585103180115995
2012,deu,5.4421475812476094
2012,dnk,5.36217643664671
2012,est,3.65228063628394
2012,fin,7.473018725893169
2012,irl,2.42664682795259
2012,jpn,5.66493822339926
2012,kor,2.7986254666642303
2012,nld,5.7271912096603605
2012,nor,4.96218355874606
2012,pol,3.0929197656571503
2012,svk,2.5729300867585296
2012,swe,7.46142330552068
2012,usa,3.83472154674863
