year,country,lo_egra_clspm_arb_3grd
2012,jor,26.2617854359869
2013,egy,18.8748027020129
2014,jor,38.98
