year,country,lo_egra_clpm_chc_4grd
2010,mwi,21.252459713236803
2011,mwi,24.042470073439997
2012,mwi,26.734207966139497
