year,country,lo_egra_clspm_eng_2grd
2008,guy,10.9617930773015
2013,gha,9.384599
