year,country,uis_afr_gtctr_2_m
2010,mli,4.415719999999999
2010,ner,7.710839999999999
2010,tcd,11.96342
2010,zmb,11.848230000000001
2011,mli,4.1559800000000005
2011,tcd,4.66451
2012,zmb,11.36709
2013,ben,3.1253
2013,mli,13.22049
2013,ner,4.27492
2014,bdi,7.003010000000001
