year,country,lo_egra_ncwpm_eng_3grd
2008,guy,7.2345033555332305
2013,phl,26.416223857523498
2014,phl,26.42
