year,country,lo_llece_sci6_0
2006,arg,5.32172
2006,col,2.62113
2006,cub,0.25564000000000003
2006,dom,14.286170000000002
2006,slv,3.7762599999999997
2006,pan,6.34237
2006,pry,7.19868
2006,per,6.97443
2006,ury,1.69402
2013,arg,4.97
2013,bra,5.2
2013,chl,2.62
2013,col,2.9
2013,cri,1.73
2013,dom,12.02
2013,ecu,4.22
2013,gtm,5.89
2013,hnd,8.62
2013,mex,2.48
2013,nic,7.85
2013,pan,8.25
2013,pry,12.3
2013,per,5.09
2013,ury,3.92
