year,country,uis_afr_pbr_1_g3_pu_math
2009,civ,2.85035991668701
2009,mdg,0.848999977111816
2010,ben,0.999360024929047
2010,bfa,0.59918999671936
2010,cmr,12.8489599227905
2010,caf,10.5227699279785
2010,tcd,2.61040997505188
2010,cod,1.5916600227356001
2010,cog,1.55402994155884
2010,eth,1.5202100276947002
2010,gmb,2.40395998954773
2010,gin,1.2450200319290199
2010,mdg,0.8945500254631039
2010,mwi,1.7731200456619298
2010,mli,0.841539978981018
2010,mus,1.0
2010,moz,1.61422002315521
2010,nam,2.28213000297546
2010,ner,0.9433599710464481
2010,sen,1.9480099678039597
2010,tza,4.023230075836181
2010,tgo,2.52769994735718
2010,uga,3.2522399425506605
2011,ben,0.906149983406067
2011,bfa,0.686869978904724
2011,cpv,1.0
2011,cmr,12.844400405883801
2011,caf,1.47666001319885
2011,tcd,3.1154000759124796
2011,eri,1.0
2011,gmb,0.7883800268173221
2011,gin,0.9376500248909
2011,lbr,3.4360001087188703
2011,mwi,1.9274400472641
2011,mli,0.8970699906349179
2011,mus,1.0
2011,moz,1.9266999959945699
2011,ner,0.399170011281967
2011,rwa,1.36995005607605
2011,stp,1.0
2011,syc,0.29067000746727
2011,ssd,5.2271900177002
2011,swz,1.0
2011,tgo,2.63428997993469
2011,uga,2.9704999923706095
2011,zmb,3.4690899848938
2012,dza,1.0
2012,bfa,0.6596400141716
2012,cpv,1.0
2012,cmr,14.0940399169922
2012,caf,1.4239100217819198
2012,tcd,4.14927005767822
2012,cog,2.30486011505127
2012,civ,1.58012998104095
2012,eri,1.0
2012,eth,1.0
2012,gha,1.8727600574493402
2012,gin,1.2276899814605702
2012,mwi,5.94005012512207
2012,mli,1.02901005744934
2012,mus,1.0
2012,moz,1.9604099988937398
2012,ner,1.42006003856659
2012,rwa,1.3525500297546398
2012,stp,1.0
2012,sen,1.6295700073242199
2012,sdn,3.0
2012,swz,1.0
2012,tza,3.62841010093689
2012,tgo,3.67122006416321
2012,zmb,4.39404010772705
2013,ben,0.8415099978446959
2013,bfa,0.7675499916076659
2013,cpv,1.0
2013,com,4.36726999282837
2013,cod,1.47224998474121
2013,civ,1.8702600002288798
2013,gha,2.67371010780334
2013,gin,0.8129799962043759
2013,mwi,2.19670009613037
2013,mrt,1.84329998493195
2013,mus,0.959140002727509
2013,ner,1.3877799510955802
2013,stp,1.0
2013,tza,5.16787004470825
2013,tgo,0.9043700098991391
2014,ben,0.7186099886894229
2014,bfa,0.806850016117096
2014,cpv,1.0
2014,civ,2.4722299575805695
2014,eth,1.2429300546646103
2014,gin,0.8207600116729741
2014,mrt,2.2975299358367898
2014,mus,0.47878998517990096
2014,ner,0.786509990692139
2014,sen,1.8496799468994098
2014,syc,0.326469987630844
2014,tgo,0.974120020866394
2015,stp,1.0
